candidate,num_points,bbox_x,bbox_y,bbox_z,bbox_ratio,centroid_x,centroid_y,centroid_z,has_nan,has_inf,status,reason
axial_01.ply,73088,0.47356685996055603,0.9949160218238831,0.010592848062515259,93.9233731997513,0.027319923043251038,0.11275848001241684,0.0005031340988352895,False,False,warn,extreme_bbox_ratio
axial_02.ply,68928,0.4614309072494507,0.9981415271759033,0.03323104977607727,30.036412749574232,0.0407402403652668,0.12628799676895142,0.0018125296337530017,False,False,warn,extreme_bbox_ratio
axial_03.ply,64640,0.4387865960597992,0.9979802966117859,0.016874045133590698,59.14291971550639,0.033598437905311584,0.12287306040525436,0.001160917105153203,False,False,warn,extreme_bbox_ratio
coronal_01.ply,45888,0.12506917119026184,0.1428138017654419,0.9987560510635376,7.985629404581062,-1.091708691092208e-05,0.016325591132044792,0.17757052183151245,False,False,pass,ok
coronal_02.ply,22112,0.1814679205417633,0.031604260206222534,0.9820716381072998,31.074027099483903,-0.01595905050635338,0.0003343477728776634,0.14378425478935242,False,False,warn,extreme_bbox_ratio
coronal_03.ply,46688,0.1870395541191101,0.07531163096427917,0.9994663000106812,13.271074961644834,-0.019911279901862144,0.00032772289705462754,0.14593642950057983,False,False,warn,extreme_bbox_ratio
sagittal_01.ply,77280,0.28992143273353577,0.9955653548240662,0.07909759879112244,12.586543334306679,0.009841368533670902,-0.07041793316602707,-0.0011316061718389392,False,False,warn,extreme_bbox_ratio
sagittal_02.ply,76864,0.3170592486858368,1.0005496740341187,0.09463605284690857,10.572605724085872,-0.00795278325676918,-0.06634946167469025,0.0045738546177744865,False,False,warn,extreme_bbox_ratio
sagittal_03.ply,71616,0.30394914746284485,1.0012487173080444,0.06485584378242493,15.43806477434759,-0.014867819845676422,-0.0689854696393013,-0.0004713499511126429,False,False,warn,extreme_bbox_ratio
