dataset,organ,method,dice,voxel_iou,voxel_dice,f1_001,cd,emd,hd95,asd,volume_error
BTCV,liver,single_axial_01,0.0351351351351351,0.0178817056396148,0.0351351351351351,0.0145499945977742,0.42010498046875,0.3913522660732269,24.0,9.454848289489746,0.8551980198019802
BTCV,liver,single_axial_02,0.0383872214350122,0.0195692146046756,0.0383872214350122,0.0125258303268526,0.4144385457038879,0.3668058812618255,23.38803100585937,8.553207397460938,0.7990408415841584
BTCV,liver,single_axial_03,0.0687153652392947,0.0355801335559265,0.0687153652392947,0.0302091647156386,0.3972182273864746,0.3650396168231964,20.0,6.799341201782227,0.4645730198019802
BTCV,liver,single_coronal_01,0.0126007326007326,0.0063403125921557,0.0126007326007326,0.0070356380551811,0.4516489505767822,0.4178282618522644,22.44994354248047,11.700987815856934,0.9441522277227724
BTCV,liver,single_coronal_02,0.0094576621841288,0.0047512991833704,0.0094576621841288,0.0053803409991209,0.4677276015281677,0.4279761910438537,22.825424194335938,12.197985649108888,0.953125
BTCV,liver,single_coronal_03,0.0280646015356102,0.0142320085929108,0.0280646015356102,0.0167687077817696,0.4876743257045746,0.4330467581748962,21.954498291015625,10.807637214660645,0.8313737623762376
BTCV,liver,single_sagittal_01,0.0519344262295081,0.0266594856604281,0.0519344262295081,0.0207531402721967,0.4625844955444336,0.430580586194992,24.0,10.13370418548584,0.8203898514851485
BTCV,liver,single_sagittal_02,0.0583886730986092,0.030072276716572,0.0583886730986092,0.0225326724380228,0.4453752636909485,0.4180406928062439,23.04777336120603,9.33188533782959,0.765315594059406
BTCV,liver,single_sagittal_03,0.0607747622361401,0.0313397129186602,0.0607747622361401,0.0268891158330233,0.4444550275802612,0.415300965309143,21.954498291015625,8.467207908630371,0.6661509900990099
