dataset,organ,method,case_id,dice,voxel_iou,voxel_dice,f1_001,cd,emd,hd95,asd,volume_error
BTCV,liver,single_axial_01,0.0,0.0773042616451932,0.0402061855670103,0.0773042616451932,0.0316233872344576,0.4561302661895752,0.3884510397911072,21.0,7.175460338592529,0.3689634269549404
BTCV,liver,single_axial_02,0.0,0.0509740259740259,0.0261535898717308,0.0509740259740259,0.0266070066680193,0.4048806726932525,0.3414761424064636,23.0,8.007340431213379,0.7553041018387553
BTCV,liver,single_axial_03,0.0,0.0721847930702598,0.037443834248627,0.0721847930702598,0.0288824117452802,0.4139368534088135,0.3678854405879974,18.24828720092773,6.483363628387451,0.3204687815720347
BTCV,liver,single_coronal_01,0.0,0.0529801324503311,0.0272108843537414,0.0529801324503311,0.029538034150365,0.3622796833515167,0.3285215497016907,16.6433162689209,8.410680770874023,0.810062638916953
BTCV,liver,single_coronal_02,0.0,0.0213643178410794,0.0107974995264254,0.0213643178410794,0.0112654135644729,0.3646669089794159,0.3288959860801697,17.464248657226562,8.92807674407959,0.9218023843200648
BTCV,liver,single_coronal_03,0.0,0.0288163414189312,0.0146188008882309,0.0288163414189312,0.0171849527642304,0.4522117972373962,0.4032359719276428,23.194826126098636,10.698970794677734,0.8920994140230349
BTCV,liver,single_sagittal_01,0.0,0.0781732706514439,0.0406765445904389,0.0781732706514439,0.0329423166770265,0.3860589265823364,0.3368302583694458,20.44504737854004,6.613572597503662,0.4956556880177813
BTCV,liver,single_sagittal_02,0.0,0.0745672436750998,0.0387275242047026,0.0745672436750998,0.0345554476540796,0.3803413510322571,0.3237756490707397,21.0,7.041306972503662,0.63426954940392
BTCV,liver,single_sagittal_03,0.0,0.0355462624150548,0.0180947312400212,0.0355462624150548,0.0169779843542196,0.4355111420154571,0.3792937994003296,23.0,9.041913986206056,0.8403717922812689
